{
    "city": {
      "Burnaby": {
        "households": [{"blockNum": 0, "inhabitants": [{"phn": "AbZ123", "fullName": "Mark Anton", "isVaccinated": false, "age": 20}, {"phn": "1f8S56", "fullName": "Emma Watson", "isVaccinated": false, "age": 40}, {"phn": "1fWEF6", "fullName": "Indiana Jones", "isVaccinated": false, "age": 45}]}, {"blockNum": 2, "inhabitants": [{"phn": "789", "fullName": "Sam Smith", "isVaccinated": true, "age": 80}]}, {"blockNum": 1, "inhabitants": [{"phn": "7ASF89", "fullName": "Jared Palmer", "isVaccinated": true, "age": 80}]}],
        "clinics": [{"name": "123-Mark Street", "blockNum": 5, "staff": 10},{"name": "142-Malcolm Street", "blockNum": 4, "staff": 10},{"name": "412-Amy Street", "blockNum": 3, "staff": 10}]
      },
      "Vancouver": {
        "households": [{"blockNum": 0, "inhabitants": [{"phn": "nfj173", "fullName": "Dane Cook", "isVaccinated": true, "age": 20}, {"phn": "4W331B56", "fullName": "Mary Jane", "isVaccinated": false, "age": 40}]}, {"blockNum": 1, "inhabitants": [{"phn": "789", "fullName": "Jim Carrey", "isVaccinated": true, "age": 80}]}],
        "clinics": [{"name": "444-Van Street", "blockNum": 2, "staff": 10}]
      },
      "Richmond": {
        "households": [{"blockNum": 0, "inhabitants": [{"phn": "jgyw234", "fullName": "Peter Parker", "isVaccinated": true, "age": 20}, {"phn": "4AFR56", "fullName": "Margot Robbie", "isVaccinated": false, "age": 40}]}, {"blockNum": 2, "inhabitants": [{"phn": "789", "fullName": "Bob Hope", "isVaccinated": true, "age": 80}]}],
        "clinics": [{"name": "976-Joyce Street", "blockNum": 1, "staff": 10}]
      }
    }
  }